n,p0,phi0,delta,ARL0,ARL1,desv,grafico
100,0.01,0.9,1.1,487.1444943534013,362.92682066779633,-0.254991435037117,CEWMA
100,0.01,0.9,1.2,487.1444943534013,280.0659770612157,-0.425086436760505,CEWMA
100,0.01,0.9,1.3,487.1444943534013,222.57266711892203,-0.543107497469825,CEWMA
100,0.01,0.9,1.5,487.1444943534013,150.89837919600046,-0.690238972327314,CEWMA
100,0.01,0.9,1.7,487.1444943534013,110.09693047456123,-0.773995330439492,CEWMA
100,0.01,0.9,2,514.6461765056459,74.14636484028382,-0.85592749305217,CEWMA
100,0.01,0.9,1.1,370.4,274.1,-0.2599892008639308,CUSUM
100,0.01,0.9,1.2,370.4,211.2,-0.4298056155507559,CUSUM
100,0.01,0.9,1.3,370.4,168.2,-0.5458963282937365,CUSUM
100,0.01,0.9,1.5,370.4,115.3,-0.6887149028077754,CUSUM
100,0.01,0.9,1.7,370.4,85.4,-0.769438444924406,CUSUM
100,0.01,0.9,2,370.4,60.1,-0.837742980561555,CUSUM
100,0.02,0.9,1.1,375.2499275955142,263.97967338021533,-0.296523053124311,CEWMA
100,0.02,0.9,1.2,375.2499275955142,195.9629587344211,-0.477780155774869,CEWMA
100,0.02,0.9,1.3,375.2499275955142,151.93276723244261,-0.595115798673217,CEWMA
100,0.02,0.9,1.5,375.2499275955142,100.90243327901888,-0.731106055301407,CEWMA
100,0.02,0.9,1.7,447.09406240308056,71.77208459433322,-0.839469832794096,CEWMA
100,0.02,0.9,2,526.336664071578,47.28659454207246,-0.910159033618752,CEWMA
100,0.02,0.9,1.1,370.4,252.7,-0.3177645788336933,CUSUM
100,0.02,0.9,1.2,370.4,186.3,-0.49703023758099346,CUSUM
100,0.02,0.9,1.3,370.4,145.3,-0.6077213822894167,CUSUM
100,0.02,0.9,1.5,370.4,99.2,-0.7321814254859611,CUSUM
100,0.02,0.9,1.7,370.4,74.8,-0.7980561555075594,CUSUM
100,0.02,0.9,2,370.4,54.6,-0.8525917926565874,CUSUM
100,0.05,0.9,1.1,381.0213300590989,226.9612143964845,-0.404334622522887,CEWMA
100,0.05,0.9,1.2,381.0213300590989,148.0300824642483,-0.611491350257772,CEWMA
100,0.05,0.9,1.3,381.0213300590989,103.74606263008528,-0.727715866683911,CEWMA
100,0.05,0.9,1.5,381.02133005909945,59.846877116573076,-0.84293037582098,CEWMA
100,0.05,0.9,1.7,456.65045629601786,39.21199360333797,-0.9141312724805,CEWMA
100,0.05,0.9,2,456.65045629601786,24.50705967854895,-0.946333000787231,CEWMA
100,0.05,0.9,1.1,370.4,224.8,-0.39308855291576666,CUSUM
100,0.05,0.9,1.2,370.4,149.0,-0.5977321814254859,CUSUM
100,0.05,0.9,1.3,370.4,105.7,-0.7146328293736501,CUSUM
100,0.05,0.9,1.5,370.4,61.5,-0.833963282937365,CUSUM
100,0.05,0.9,1.7,370.4,40.8,-0.8898488120950324,CUSUM
100,0.05,0.9,2,370.4,25.7,-0.9306155507559396,CUSUM
100,0.01,0.8,1.1,751.0747134379602,506.3497633284451,-0.32583303063062,CEWMA
100,0.01,0.8,1.2,751.0747134379602,358.3678882283443,-0.522859867578345,CEWMA
100,0.01,0.8,1.3,751.0747134379562,264.21711815021723,-0.648214600461258,CEWMA
100,0.01,0.8,1.5,751.0747134379562,158.57512675868168,-0.788869038031086,CEWMA
100,0.01,0.8,1.7,751.0747134379602,105.45808898725629,-0.859590414774405,CEWMA
100,0.01,0.8,2,751.0747134379602,65.65495695119185,-0.912585318375766,CEWMA
100,0.01,0.8,1.1,370.5,241.1,-0.3492577597840756,CUSUM
100,0.01,0.8,1.2,370.5,172.5,-0.5344129554655871,CUSUM
100,0.01,0.8,1.3,370.5,131.9,-0.6439946018893388,CUSUM
100,0.01,0.8,1.5,370.5,88.1,-0.76221322537112,CUSUM
100,0.01,0.8,1.7,370.5,65.7,-0.822672064777328,CUSUM
100,0.01,0.8,2,370.5,47.5,-0.8717948717948718,CUSUM
100,0.02,0.8,1.1,416.0004399844849,261.8758409511308,-0.370491432747288,CEWMA
100,0.02,0.8,1.2,416.00043998448206,178.62396569429998,-0.570615921221229,CEWMA
100,0.02,0.8,1.3,426.1902549392679,129.3990866426171,-0.696381873721968,CEWMA
100,0.02,0.8,1.5,426.19025493926534,75.01191249682768,-0.823994303887785,CEWMA
100,0.02,0.8,1.7,426.1902549392679,49.472961238412886,-0.883918131245251,CEWMA
100,0.02,0.8,2,426.19025493926534,31.18010172703436,-0.926839946794471,CEWMA
100,0.02,0.8,1.1,370.4,225.6,-0.3909287257019438,CUSUM
100,0.02,0.8,1.2,370.4,151.3,-0.5915226781857451,CUSUM
100,0.02,0.8,1.3,370.4,109.1,-0.7054535637149028,CUSUM
100,0.02,0.8,1.5,370.4,66.3,-0.8210043196544276,CUSUM
100,0.02,0.8,1.7,370.4,46.1,-0.8755399568034556,CUSUM
100,0.02,0.8,2,370.4,31.1,-0.9160367170626349,CUSUM
100,0.05,0.8,1.1,372.8325310526024,197.51319120691247,-0.470236165687361,CEWMA
100,0.05,0.8,1.2,372.897051090001,116.71279346818393,-0.687010682634723,CEWMA
100,0.05,0.8,1.3,372.897051090001,74.3808030608329,-0.800532605866918,CEWMA
100,0.05,0.8,1.5,372.897051090001,36.6632437373885,-0.901679984783415,CEWMA
100,0.05,0.8,1.7,372.897051090001,21.914418041227936,-0.941231988890309,CEWMA
100,0.05,0.8,2,372.897051090001,12.861901275940358,-0.965508171120302,CEWMA
100,0.05,0.8,1.1,371.5,200.3,-0.4608344549125168,CUSUM
100,0.05,0.8,1.2,371.5,122.4,-0.6705248990578735,CUSUM
100,0.05,0.8,1.3,371.5,82.1,-0.7790040376850605,CUSUM
100,0.05,0.8,1.5,371.5,45.2,-0.8783310901749664,CUSUM
100,0.05,0.8,1.7,371.5,29.6,-0.9203230148048451,CUSUM
100,0.05,0.8,2,371.5,18.9,-0.9491251682368775,CUSUM
100,0.01,0.7,1.1,377.69094310444217,255.86182798113066,-0.322562977343151,CEWMA
100,0.01,0.7,1.2,377.6909431044404,182.46435972630434,-0.516895061802293,CEWMA
100,0.01,0.7,1.3,377.6909431044404,135.83386762881682,-0.640357095904056,CEWMA
100,0.01,0.7,1.5,377.69094310444217,83.44157608660663,-0.779074458601638,CEWMA
100,0.01,0.7,1.7,377.6909431044404,56.92181849131434,-0.849289956429868,CEWMA
100,0.01,0.7,2,377.69094310444217,36.778562699662444,-0.902622598261531,CEWMA
100,0.01,0.7,1.1,370.4,223.2,-0.39740820734341253,CUSUM
100,0.01,0.7,1.2,370.4,149.9,-0.5953023758099352,CUSUM
100,0.01,0.7,1.3,370.4,109.1,-0.7054535637149028,CUSUM
100,0.01,0.7,1.5,370.4,68.0,-0.816414686825054,CUSUM
100,0.01,0.7,1.7,370.4,48.5,-0.869060475161987,CUSUM
100,0.01,0.7,2,370.4,33.7,-0.9090172786177106,CUSUM
100,0.02,0.7,1.1,473.00956652235396,275.6399278823081,-0.417263524057538,CEWMA
100,0.02,0.7,1.2,473.00956652235396,174.87969237586984,-0.630282969408811,CEWMA
100,0.02,0.7,1.3,473.00956652235544,118.96823942336061,-0.748486610327916,CEWMA
100,0.02,0.7,1.5,473.00956652235396,64.73178758844874,-0.863149094289217,CEWMA
100,0.02,0.7,1.7,469.10450972104877,41.066271537208536,-0.91245816084431,CEWMA
100,0.02,0.7,2,469.10450972104877,23.49060539944471,-0.949924579890708,CEWMA
100,0.02,0.7,1.1,370.4,201.5,-0.4559935205183585,CUSUM
100,0.02,0.7,1.2,370.4,127.7,-0.6552375809935205,CUSUM
100,0.02,0.7,1.3,370.4,89.6,-0.7580993520518358,CUSUM
100,0.02,0.7,1.5,370.4,51.4,-0.8612311015118791,CUSUM
100,0.02,0.7,1.7,370.4,33.6,-0.9092872570194384,CUSUM
100,0.02,0.7,2,370.4,21.3,-0.9424946004319654,CUSUM
100,0.05,0.7,1.1,396.93504539989334,193.92239736784293,-0.511450551884439,CEWMA
100,0.05,0.7,1.2,396.93504539989334,107.25429666059617,-0.729793834271946,CEWMA
100,0.05,0.7,1.3,396.93504539989357,65.63609112461671,-0.834642740959061,CEWMA
100,0.05,0.7,1.5,402.501062158307,30.42167481479064,-0.924418398670397,CEWMA
100,0.05,0.7,1.7,402.501062158307,17.079170119242775,-0.957567391182373,CEWMA
100,0.05,0.7,2,402.501062158307,9.368612548910555,-0.976724005400945,CEWMA
100,0.05,0.7,1.1,371.3,179.9,-0.5154861298141664,CUSUM
100,0.05,0.7,1.2,371.3,102.3,-0.7244815513062214,CUSUM
100,0.05,0.7,1.3,371.3,65.3,-0.8241314301104228,CUSUM
100,0.05,0.7,1.5,371.3,33.9,-0.9086991650956101,CUSUM
100,0.05,0.7,1.7,371.3,21.5,-0.9420953406948559,CUSUM
100,0.05,0.7,2,371.3,13.5,-0.9636412604363048,CUSUM
200,0.01,0.9,1.1,436.70953589578676,298.4308238693951,-0.316637720636788,CEWMA
200,0.01,0.9,1.2,436.70953589578676,215.0888294740476,-0.507478514219174,CEWMA
200,0.01,0.9,1.3,436.70953589578676,161.98795158837365,-0.629071640819335,CEWMA
200,0.01,0.9,1.5,436.70953589578676,101.93874091545449,-0.766575417900239,CEWMA
200,0.01,0.9,1.7,436.70953589578676,71.21116501428098,-0.836937004665558,CEWMA
200,0.01,0.9,2,511.60971366085016,47.01613187383174,-0.908101565278334,CEWMA
200,0.01,0.9,1.1,370.4,252.7,-0.3177645788336933,CUSUM
200,0.01,0.9,1.2,370.4,183.0,-0.505939524838013,CUSUM
200,0.01,0.9,1.3,370.4,139.1,-0.6244600431965442,CUSUM
200,0.01,0.9,1.5,370.4,89.3,-0.7589092872570193,CUSUM
200,0.01,0.9,1.7,370.4,60.7,-0.8361231101511879,CUSUM
200,0.01,0.9,2,370.4,43.1,-0.8836393088552915,CUSUM
200,0.02,0.9,1.1,374.9379432327163,229.08404966755086,-0.389008091065984,CEWMA
200,0.02,0.9,1.2,374.9379432327163,151.28555942380774,-0.596505069293806,CEWMA
200,0.02,0.9,1.3,374.9379432327163,106.46917337479587,-0.716035212502585,CEWMA
200,0.02,0.9,1.5,374.9379432327163,61.110233215216866,-0.837012406137601,CEWMA
200,0.02,0.9,1.7,374.9379432327163,40.48577685137993,-0.892020059366861,CEWMA
200,0.02,0.9,2,374.9379432327163,26.033408312719313,-0.930566087581696,CEWMA
200,0.02,0.9,1.1,370.4,236.1,-0.3625809935205183,CUSUM
200,0.02,0.9,1.2,370.4,163.8,-0.5577753779697624,CUSUM
200,0.02,0.9,1.3,370.4,121.1,-0.6730561555075594,CUSUM
200,0.02,0.9,1.5,370.4,75.9,-0.795086393088553,CUSUM
200,0.02,0.9,1.7,370.4,53.9,-0.8544816414686826,CUSUM
200,0.02,0.9,2,370.4,37.4,-0.8990280777537798,CUSUM
200,0.05,0.9,1.1,371.55299026821854,179.19240354854946,-0.517720464531336,CEWMA
200,0.05,0.9,1.2,371.55299026821854,99.69819332661903,-0.731671670157604,CEWMA
200,0.05,0.9,1.3,371.55299026821854,62.26589505925652,-0.83241718761486,CEWMA
200,0.05,0.9,1.5,371.55299026821854,31.455567165524478,-0.915340293337924,CEWMA
200,0.05,0.9,1.7,371.55299026821854,20.137583409663733,-0.945801584330873,CEWMA
200,0.05,0.9,2,371.55299026821854,13.54072084799457,-0.963556420745746,CEWMA
200,0.05,0.9,1.1,367.4,184.8,-0.497005988023952,CUSUM
200,0.05,0.9,1.2,367.4,106.4,-0.7103973870440937,CUSUM
200,0.05,0.9,1.3,367.4,67.8,-0.8154599891126837,CUSUM
200,0.05,0.9,1.5,367.4,34.2,-0.9069134458356015,CUSUM
200,0.05,0.9,1.7,367.4,21.3,-0.942025040827436,CUSUM
200,0.05,0.9,2,367.4,13.8,-0.9624387588459444,CUSUM
200,0.01,0.8,1.1,408.6054699634782,258.0408626964401,-0.368484071641272,CEWMA
200,0.01,0.8,1.2,408.6054699634782,176.47315652727335,-0.568108678175437,CEWMA
200,0.01,0.8,1.3,414.61201406618386,127.12761212645768,-0.693381745310051,CEWMA
200,0.01,0.8,1.5,414.61201406618386,74.04064335225603,-0.821421857446617,CEWMA
200,0.01,0.8,1.7,414.61201406618386,49.005389599919205,-0.881804221929525,CEWMA
200,0.01,0.8,2,414.61201406618386,31.00172959769975,-0.925227131520721,CEWMA
200,0.01,0.8,1.1,370.4,225.3,-0.3917386609071274,CUSUM
200,0.01,0.8,1.2,370.4,151.2,-0.591792656587473,CUSUM
200,0.01,0.8,1.3,370.4,109.2,-0.7051835853131749,CUSUM
200,0.01,0.8,1.5,370.4,65.9,-0.8220842332613392,CUSUM
200,0.01,0.8,1.7,370.4,44.6,-0.8795896328293736,CUSUM
200,0.01,0.8,2,370.4,29.1,-0.9214362850971921,CUSUM
200,0.02,0.8,1.1,374.9595038227313,221.0472922458445,-0.410476891524935,CEWMA
200,0.02,0.8,1.2,400.2819718995448,138.1993228347531,-0.654745073381831,CEWMA
200,0.02,0.8,1.3,400.2819718995448,92.71962736574842,-0.768364218538881,CEWMA
200,0.02,0.8,1.5,454.15731898780484,49.38660675621135,-0.891256609347877,CEWMA
200,0.02,0.8,1.7,454.15731898780723,29.694305344844025,-0.934616697555321,CEWMA
200,0.02,0.8,2,454.15731898780484,17.268212589043237,-0.961977464928828,CEWMA
200,0.02,0.8,1.1,370.3,207.9,-0.43856332703213613,CUSUM
200,0.02,0.8,1.2,370.3,130.7,-0.6470429381582501,CUSUM
200,0.02,0.8,1.3,370.3,89.6,-0.7580340264650285,CUSUM
200,0.02,0.8,1.5,370.3,50.6,-0.8633540372670807,CUSUM
200,0.02,0.8,1.7,370.3,33.6,-0.9092627599243855,CUSUM
200,0.02,0.8,2,370.3,21.9,-0.9408587631650014,CUSUM
200,0.05,0.8,1.1,386.36482874914924,167.5787596824992,-0.566268078217592,CEWMA
200,0.05,0.8,1.2,386.36482874914924,85.30619461269872,-0.779208177698585,CEWMA
200,0.05,0.8,1.3,386.36482874914924,49.36857294515259,-0.872222911425497,CEWMA
200,0.05,0.8,1.5,386.36482874914924,21.995004447977443,-0.943071928883418,CEWMA
200,0.05,0.8,1.7,386.36482874914924,12.746986477348704,-0.967007901525051,CEWMA
200,0.05,0.8,2,386.36482874914924,7.680218659829524,-0.980121848345528,CEWMA
200,0.05,0.8,1.1,374.2,161.0,-0.569748797434527,CUSUM
200,0.05,0.8,1.2,374.2,84.5,-0.7741849278460716,CUSUM
200,0.05,0.8,1.3,374.2,51.2,-0.863174772848744,CUSUM
200,0.05,0.8,1.5,374.2,24.7,-0.9339925173703902,CUSUM
200,0.05,0.8,1.7,374.2,14.8,-0.96044895777659,CUSUM
200,0.05,0.8,2,374.2,8.7,-0.9767504008551577,CUSUM
200,0.01,0.7,1.1,459.0770811153798,268.7604345562205,-0.414563598114642,CEWMA
200,0.01,0.7,1.2,459.0770811153799,171.1962701755961,-0.627086000983418,CEWMA
200,0.01,0.7,1.3,459.0770811153799,116.86002571071602,-0.745445742081501,CEWMA
200,0.01,0.7,1.5,459.0770811153799,63.92432793450687,-0.860754695531313,CEWMA
200,0.01,0.7,1.7,449.91285047407473,40.390938412365536,-0.910224972747932,CEWMA
200,0.01,0.7,2,449.91285047407473,23.253847366492817,-0.948314773979026,CEWMA
200,0.01,0.7,1.1,370.4,205.8,-0.4443844492440604,CUSUM
200,0.01,0.7,1.2,370.4,129.7,-0.6498380129589633,CUSUM
200,0.01,0.7,1.3,370.4,89.8,-0.7575593952483801,CUSUM
200,0.01,0.7,1.5,370.4,52.0,-0.8596112311015118,CUSUM
200,0.01,0.7,1.7,370.4,34.3,-0.9073974082073434,CUSUM
200,0.01,0.7,2,370.4,22.0,-0.9406047516198704,CUSUM
200,0.02,0.7,1.1,373.0863168647427,190.15801068597375,-0.490310949262411,CEWMA
200,0.02,0.7,1.2,383.21046080432484,115.25170533871227,-0.699246974895181,CEWMA
200,0.02,0.7,1.3,383.21046080432484,74.63139319339356,-0.805246983506794,CEWMA
200,0.02,0.7,1.5,383.21046080432484,38.881617097120376,-0.898537171935465,CEWMA
200,0.02,0.7,1.7,481.16862108491404,23.499561662507485,-0.951161483453509,CEWMA
200,0.02,0.7,2,481.16862108491404,12.900899943402838,-0.973188401366833,CEWMA
200,0.02,0.7,1.1,370.4,188.5,-0.49109071274298055,CUSUM
200,0.02,0.7,1.2,370.4,110.7,-0.701133909287257,CUSUM
200,0.02,0.7,1.3,370.4,72.4,-0.8045356371490281,CUSUM
200,0.02,0.7,1.5,370.4,38.5,-0.8960583153347732,CUSUM
200,0.02,0.7,1.7,370.4,24.8,-0.9330453563714902,CUSUM
200,0.02,0.7,2,370.4,15.6,-0.9578833693304535,CUSUM
200,0.05,0.7,1.1,370.6455794209146,151.46715944345948,-0.591342328485052,CEWMA
200,0.05,0.7,1.2,376.04222393243913,72.62619874368126,-0.80686690450823,CEWMA
200,0.05,0.7,1.3,376.04222393243913,39.656375396342895,-0.894542759103914,CEWMA
200,0.05,0.7,1.5,376.04222393243913,16.159559650890564,-0.957027273475029,CEWMA
200,0.05,0.7,1.7,376.04222393243913,8.87634053524349,-0.976395362088811,CEWMA
200,0.05,0.7,2,376.04222393243913,5.1695698546197235,-0.986252687795111,CEWMA
200,0.05,0.7,1.1,371.9,137.3,-0.6308147351438558,CUSUM
200,0.05,0.7,1.2,371.9,64.3,-0.8271040602312449,CUSUM
200,0.05,0.7,1.3,371.9,36.0,-0.9031997848884109,CUSUM
200,0.05,0.7,1.5,371.9,16.2,-0.9564399031997849,CUSUM
200,0.05,0.7,1.7,371.9,9.6,-0.9741866093035761,CUSUM
200,0.05,0.7,2,371.9,5.7,-0.9846732992739984,CUSUM
500,0.01,0.9,1.1,385.00496520717576,236.32285096286216,-0.386182329270236,CEWMA
500,0.01,0.9,1.2,418.71812594961693,155.53125874775432,-0.628553795241076,CEWMA
500,0.01,0.9,1.3,418.71812594961693,106.74996517697524,-0.745055304365256,CEWMA
500,0.01,0.9,1.5,418.71812594961693,59.350294973508205,-0.858257163243394,CEWMA
500,0.01,0.9,1.7,418.71812594961693,38.62111877388136,-0.907763441846965,CEWMA
500,0.01,0.9,2,418.71812594961693,24.48388478814148,-0.941526570571517,CEWMA
500,0.01,0.9,1.1,370.4,218.2,-0.4109071274298056,CUSUM
500,0.01,0.9,1.2,370.4,140.5,-0.6206803455723542,CUSUM
500,0.01,0.9,1.3,370.4,97.0,-0.7381209503239741,CUSUM
500,0.01,0.9,1.5,370.4,54.0,-0.8542116630669546,CUSUM
500,0.01,0.9,1.7,370.4,35.0,-0.9055075593952484,CUSUM
500,0.01,0.9,2,370.4,21.9,-0.9408747300215984,CUSUM
500,0.02,0.9,1.1,373.3440578984858,181.11896564020896,-0.514873849446785,CEWMA
500,0.02,0.9,1.2,373.3440578984858,101.07176610181465,-0.729279831931069,CEWMA
500,0.02,0.9,1.3,373.3440578984858,63.17633043084392,-0.830782547373442,CEWMA
500,0.02,0.9,1.5,373.3440578984858,31.875381600243518,-0.914621966184043,CEWMA
500,0.02,0.9,1.7,373.3440578984858,20.380222375507394,-0.945411686768967,CEWMA
500,0.02,0.9,2,373.3440578984858,13.698160455181327,-0.963309552769403,CEWMA
500,0.02,0.9,1.1,370.4,185.3,-0.49973002159827207,CUSUM
500,0.02,0.9,1.2,370.4,106.7,-0.7119330453563715,CUSUM
500,0.02,0.9,1.3,370.4,68.1,-0.8161447084233261,CUSUM
500,0.02,0.9,1.5,370.4,34.5,-0.9068574514038877,CUSUM
500,0.02,0.9,1.7,370.4,21.5,-0.9419546436285097,CUSUM
500,0.02,0.9,2,370.4,13.9,-0.9624730021598272,CUSUM
500,0.05,0.9,1.1,372.4448535123042,127.8586764518456,-0.656704408059107,CEWMA
500,0.05,0.9,1.2,372.4448535123042,57.66754144364296,-0.845164885754723,CEWMA
500,0.05,0.9,1.3,372.4448535123042,32.137161795383626,-0.913712965846306,CEWMA
500,0.05,0.9,1.5,372.4448535123042,15.730355545103492,-0.957764604889126,CEWMA
500,0.05,0.9,1.7,372.4448535123042,11.463120027693021,-0.969221966904385,CEWMA
500,0.05,0.9,2,372.4448535123042,10.124540287272684,-0.972816001639452,CEWMA
500,0.05,0.9,1.1,388.9,127.4,-0.6724093597325791,CUSUM
500,0.05,0.9,1.2,388.9,57.0,-0.8534327590640267,CUSUM
500,0.05,0.9,1.3,388.9,31.9,-0.9179737721779379,CUSUM
500,0.05,0.9,1.5,388.9,15.7,-0.9596297248650039,CUSUM
500,0.05,0.9,1.7,388.9,11.5,-0.9704294163023913,CUSUM
500,0.05,0.9,2,388.9,10.1,-0.9740293134481871,CUSUM
500,0.01,0.8,1.1,375.13210112142104,202.8357220383359,-0.459295215120278,CEWMA
500,0.01,0.8,1.2,375.13210112142104,120.19653321066698,-0.679588782587917,CEWMA
500,0.01,0.8,1.3,375.13210112142104,76.92739864177341,-0.794932509343224,CEWMA
500,0.01,0.8,1.5,375.13210112142104,37.93463978595154,-0.89887658328213,CEWMA
500,0.01,0.8,1.7,375.13210112142104,22.580989060593232,-0.939805233961344,CEWMA
500,0.01,0.8,2,375.13210112142104,13.1717762737617,-0.964887632291702,CEWMA
500,0.01,0.8,1.1,370.3,197.7,-0.46610856062651906,CUSUM
500,0.01,0.8,1.2,370.3,118.9,-0.6789089927086146,CUSUM
500,0.01,0.8,1.3,370.3,78.3,-0.7885498244666487,CUSUM
500,0.01,0.8,1.5,370.3,41.4,-0.8881987577639752,CUSUM
500,0.01,0.8,1.7,370.3,26.1,-0.9295166081555495,CUSUM
500,0.01,0.8,2,370.3,15.8,-0.9573318930596814,CUSUM
500,0.02,0.8,1.1,388.78272576760435,169.1376797656545,-0.564955774638102,CEWMA
500,0.02,0.8,1.2,388.78272576760435,86.13620935673033,-0.778446408114802,CEWMA
500,0.02,0.8,1.3,388.78272576760435,49.79587194507393,-0.871918507061346,CEWMA
500,0.02,0.8,1.5,388.78272576760435,22.13099791843735,-0.943076179954388,CEWMA
500,0.02,0.8,1.7,388.78272576760435,12.83015014010477,-0.96699917643004,CEWMA
500,0.02,0.8,2,388.78272576760435,7.759340462684703,-0.980041961876354,CEWMA
500,0.02,0.8,1.1,369.7,160.9,-0.5647822558831485,CUSUM
500,0.02,0.8,1.2,369.7,81.0,-0.7809034352177441,CUSUM
500,0.02,0.8,1.3,369.7,46.0,-0.8755747903705707,CUSUM
500,0.02,0.8,1.5,369.7,19.7,-0.9467135515282662,CUSUM
500,0.02,0.8,1.7,369.7,11.3,-0.9694346767649445,CUSUM
500,0.02,0.8,2,369.7,7.0,-0.9810657289694347,CUSUM
500,0.05,0.8,1.1,371.29025102929387,110.16774695727372,-0.703284030076561,CEWMA
500,0.05,0.8,1.2,371.29025102929387,44.31166326783336,-0.880654923890427,CEWMA
500,0.05,0.8,1.3,371.29025102929387,22.571793511983127,-0.939207147374838,CEWMA
500,0.05,0.8,1.5,371.29025102929387,9.614589011611006,-0.974104924691781,CEWMA
500,0.05,0.8,1.7,371.29025102929387,6.298376052784619,-0.983036516484544,CEWMA
500,0.05,0.8,2,371.29025102929387,5.140158465047803,-0.98615595628811,CEWMA
500,0.05,0.8,1.1,376.4,105.2,-0.7205100956429331,CUSUM
500,0.05,0.8,1.2,376.4,40.4,-0.8926673751328374,CUSUM
500,0.05,0.8,1.3,376.4,20.1,-0.9465993623804463,CUSUM
500,0.05,0.8,1.5,376.4,8.7,-0.9768862911795962,CUSUM
500,0.05,0.8,1.7,376.4,6.0,-0.9840595111583422,CUSUM
500,0.05,0.8,2,376.4,5.1,-0.9864505844845908,CUSUM
500,0.01,0.7,1.1,377.2523340736499,191.75847327257256,-0.491697052734109,CEWMA
500,0.01,0.7,1.2,383.60929409359466,108.70643394262923,-0.71662200156155,CEWMA
500,0.01,0.7,1.3,383.60929409359466,66.30430506871328,-0.827156677146263,CEWMA
500,0.01,0.7,1.5,383.60929409359466,30.3314328623067,-0.92093144423423,CEWMA
500,0.01,0.7,1.7,383.60929409359466,17.103905955745134,-0.955413212820719,CEWMA
500,0.01,0.7,2,383.60929409359466,9.43882803380563,-0.97539468365565,CEWMA
500,0.01,0.7,1.1,370.2,178.7,-0.5172879524581308,CUSUM
500,0.01,0.7,1.2,370.2,100.3,-0.7290653700702323,CUSUM
500,0.01,0.7,1.3,370.2,63.0,-0.8298217179902755,CUSUM
500,0.01,0.7,1.5,370.2,31.7,-0.9143706104808212,CUSUM
500,0.01,0.7,1.7,370.2,19.5,-0.9473257698541329,CUSUM
500,0.01,0.7,2,370.2,11.8,-0.9681253376553214,CUSUM
500,0.02,0.7,1.1,371.0571521770213,149.8575178040425,-0.596133595795643,CEWMA
500,0.02,0.7,1.2,371.0571521770213,72.37093161367024,-0.804960149160137,CEWMA
500,0.02,0.7,1.3,372.2100443436143,40.32385673826927,-0.891663706149092,CEWMA
500,0.02,0.7,1.5,372.2100443436143,16.358394550322334,-0.956050636464768,CEWMA
500,0.02,0.7,1.7,372.2100443436143,8.963700128130577,-0.9759176296708,CEWMA
500,0.02,0.7,2,372.2100443436143,5.228630240730851,-0.985952474093085,CEWMA
500,0.02,0.7,1.1,370.9,138.4,-0.6268535993529253,CUSUM
500,0.02,0.7,1.2,370.9,64.8,-0.8252898355351846,CUSUM
500,0.02,0.7,1.3,370.9,36.2,-0.9023995686168779,CUSUM
500,0.02,0.7,1.5,370.9,16.1,-0.9565920733351307,CUSUM
500,0.02,0.7,1.7,370.9,9.5,-0.9743866271232138,CUSUM
500,0.02,0.7,2,370.9,5.8,-0.9843623618225936,CUSUM
500,0.05,0.7,1.1,381.8185324110941,102.05981285424286,-0.732700735583055,CEWMA
500,0.05,0.7,1.2,381.8185324110941,37.92655950860052,-0.90066862582834,CEWMA
500,0.05,0.7,1.3,381.8185324110941,18.234343741740528,-0.952243429289314,CEWMA
500,0.05,0.7,1.5,381.8185324110941,7.193405498895572,-0.981160145754395,CEWMA
500,0.05,0.7,1.7,381.8185324110941,4.459367051548602,-0.988320716065328,CEWMA
500,0.05,0.7,2,381.8185324110941,3.4685174210295298,-0.990915796048121,CEWMA
500,0.05,0.7,1.1,375.4,87.2,-0.7677144379328716,CUSUM
500,0.05,0.7,1.2,375.4,31.9,-0.9150239744272777,CUSUM
500,0.05,0.7,1.3,375.4,16.0,-0.9573787959509856,CUSUM
500,0.05,0.7,1.5,375.4,6.9,-0.9816196057538626,CUSUM
500,0.05,0.7,1.7,375.4,4.4,-0.9882791688865211,CUSUM
500,0.05,0.7,2,375.4,3.5,-0.9906766116142781,CUSUM
1000,0.01,0.9,1.1,371.81519485783326,180.57022580110498,-0.514354904537595,CEWMA
1000,0.01,0.9,1.2,371.81519485783326,100.83024699483893,-0.72881622809043,CEWMA
1000,0.01,0.9,1.3,371.81519485783326,63.068138766777984,-0.830377726249481,CEWMA
1000,0.01,0.9,1.5,371.81519485783326,31.875010524942667,-0.914271899142985,CEWMA
1000,0.01,0.9,1.7,371.81519485783326,20.414560877484686,-0.94509487196915,CEWMA
1000,0.01,0.9,2,371.81519485783326,13.74216103433839,-0.963040345783628,CEWMA
1000,0.01,0.9,1.1,371.0,177.6,-0.5212938005390836,CUSUM
1000,0.01,0.9,1.2,371.0,97.4,-0.7374663072776281,CUSUM
1000,0.01,0.9,1.3,371.0,59.8,-0.8388140161725067,CUSUM
1000,0.01,0.9,1.5,371.0,29.3,-0.9210242587601077,CUSUM
1000,0.01,0.9,1.7,371.0,18.6,-0.9498652291105121,CUSUM
1000,0.01,0.9,2,371.0,12.8,-0.9654986522911051,CUSUM
1000,0.02,0.9,1.1,373.32543338092086,141.6461843639177,-0.620582548900734,CEWMA
1000,0.02,0.9,1.2,373.32543338092086,67.47270142854417,-0.81926572530166,CEWMA
1000,0.02,0.9,1.3,373.32543338092086,38.46017445832645,-0.896979495583726,CEWMA
1000,0.02,0.9,1.5,373.32543338092086,18.5295876147699,-0.950366125749961,CEWMA
1000,0.02,0.9,1.7,373.32543338092086,12.739352818981429,-0.965876011436962,CEWMA
1000,0.02,0.9,2,373.32543338092086,10.416765855383167,-0.972097358165377,CEWMA
1000,0.02,0.9,1.1,371.2,137.2,-0.6303879310344828,CUSUM
1000,0.02,0.9,1.2,371.2,65.5,-0.8235452586206896,CUSUM
1000,0.02,0.9,1.3,371.2,37.7,-0.8984375,CUSUM
1000,0.02,0.9,1.5,371.2,18.5,-0.9501616379310345,CUSUM
1000,0.02,0.9,1.7,371.2,12.7,-0.9657866379310345,CUSUM
1000,0.02,0.9,2,371.2,10.4,-0.9719827586206897,CUSUM
1000,0.05,0.9,1.1,371.39246817800927,88.92976556237207,-0.760550433349801,CEWMA
1000,0.05,0.9,1.2,371.39246817800927,34.291113423959345,-0.907668796860135,CEWMA
1000,0.05,0.9,1.3,371.39246817800927,18.78711938134996,-0.949414376997152,CEWMA
1000,0.05,0.9,1.5,371.39246817800927,11.120123386787366,-0.970058295900988,CEWMA
1000,0.05,0.9,1.7,371.39246817800927,10.081925011239933,-0.972853717091517,CEWMA
1000,0.05,0.9,2,371.39246817800927,10.000372439097514,-0.973073303052811,CEWMA
1000,0.05,0.9,1.1,351.8,83.0,-0.7640704945992041,CUSUM
1000,0.05,0.9,1.2,351.8,31.7,-0.9098919840818648,CUSUM
1000,0.05,0.9,1.3,351.8,17.6,-0.9499715747583853,CUSUM
1000,0.05,0.9,1.5,351.8,10.9,-0.9690164866401365,CUSUM
1000,0.05,0.9,1.7,351.8,10.1,-0.9712905059693007,CUSUM
1000,0.05,0.9,2,351.8,10.0,-0.9715747583854463,CUSUM
1000,0.01,0.8,1.1,377.5431992580252,165.37227384571622,-0.561977876516601,CEWMA
1000,0.01,0.8,1.2,377.5431992580252,84.69982724766713,-0.775655269611198,CEWMA
1000,0.01,0.8,1.3,377.5431992580252,49.19482063019716,-0.869697505538761,CEWMA
1000,0.01,0.8,1.5,377.5431992580252,22.01381732189126,-0.941691924619078,CEWMA
1000,0.01,0.8,1.7,377.5431992580252,12.818854728201465,-0.966046654387116,CEWMA
1000,0.01,0.8,2,377.5431992580252,7.780566827387354,-0.979391585273742,CEWMA
1000,0.01,0.8,1.1,370.4,155.3,-0.5807235421166306,CUSUM
1000,0.01,0.8,1.2,370.4,78.9,-0.7869870410367171,CUSUM
1000,0.01,0.8,1.3,370.4,46.2,-0.8752699784017279,CUSUM
1000,0.01,0.8,1.5,370.4,21.3,-0.9424946004319654,CUSUM
1000,0.01,0.8,1.7,370.4,12.7,-0.9657127429805615,CUSUM
1000,0.01,0.8,2,370.4,7.8,-0.9789416846652268,CUSUM
1000,0.02,0.8,1.1,377.6640109499969,125.01443316655478,-0.668979755703789,CEWMA
1000,0.02,0.8,1.2,377.6640109499969,53.53503627532119,-0.858246921276252,CEWMA
1000,0.02,0.8,1.3,377.6640109499969,28.081061354605993,-0.925645387062512,CEWMA
1000,0.02,0.8,1.5,377.6640109499969,11.90861902262887,-0.968467689063955,CEWMA
1000,0.02,0.8,1.7,377.6640109499969,7.376252284461383,-0.980468744517364,CEWMA
1000,0.02,0.8,2,377.6640109499969,5.433851081898529,-0.985611943620918,CEWMA
1000,0.02,0.8,1.1,369.6,114.2,-0.6910173160173161,CUSUM
1000,0.02,0.8,1.2,369.6,48.7,-0.8682359307359307,CUSUM
1000,0.02,0.8,1.3,369.6,26.2,-0.9291125541125541,CUSUM
1000,0.02,0.8,1.5,369.6,11.7,-0.9683441558441559,CUSUM
1000,0.02,0.8,1.7,369.6,7.4,-0.9799783549783551,CUSUM
1000,0.02,0.8,2,369.6,5.4,-0.9853896103896105,CUSUM
1000,0.05,0.8,1.1,372.66466665155076,72.35319753195486,-0.805849054105237,CEWMA
1000,0.05,0.8,1.2,372.66466665155076,23.722348443895715,-0.936343982763258,CEWMA
1000,0.05,0.8,1.3,372.66466665155076,11.525987592639972,-0.96907142365762,CEWMA
1000,0.05,0.8,1.5,372.66466665155076,5.891187382878851,-0.984191720036642,CEWMA
1000,0.05,0.8,1.7,372.66466665155076,5.078452075918588,-0.986372595713059,CEWMA
1000,0.05,0.8,2,372.66466665155076,5.0004928751816875,-0.986581789682097,CEWMA
1000,0.05,0.8,1.1,386.7,68.1,-0.8238944918541505,CUSUM
1000,0.05,0.8,1.2,386.7,22.2,-0.9425911559348332,CUSUM
1000,0.05,0.8,1.3,386.7,11.2,-0.9710369795707267,CUSUM
1000,0.05,0.8,1.5,386.7,5.9,-0.9847426945952936,CUSUM
1000,0.05,0.8,1.7,386.7,5.1,-0.986811481768813,CUSUM
1000,0.05,0.8,2,386.7,5.0,-0.987070080165503,CUSUM
1000,0.01,0.7,1.1,373.3849800766778,151.24965586981492,-0.594923031347553,CEWMA
1000,0.01,0.7,1.2,373.3849800766778,74.81817330328386,-0.799621898856458,CEWMA
1000,0.01,0.7,1.3,371.167961549667,41.577960239515846,-0.887980740401398,CEWMA
1000,0.01,0.7,1.5,371.167961549667,16.843690915348123,-0.954619760700724,CEWMA
1000,0.01,0.7,1.7,371.167961549667,9.14632248624574,-0.975357995749259,CEWMA
1000,0.01,0.7,2,371.167961549667,5.277637684053377,-0.985780998817843,CEWMA
1000,0.01,0.7,1.1,369.5,140.0,-0.6211096075778079,CUSUM
1000,0.01,0.7,1.2,369.5,67.4,-0.8175913396481733,CUSUM
1000,0.01,0.7,1.3,369.5,38.7,-0.8952638700947226,CUSUM
1000,0.01,0.7,1.5,369.5,18.0,-0.9512855209742895,CUSUM
1000,0.01,0.7,1.7,369.5,10.9,-0.9705006765899865,CUSUM
1000,0.01,0.7,2,369.5,6.5,-0.9824086603518268,CUSUM
1000,0.02,0.7,1.1,372.1146233496614,113.84548065147291,-0.694058030757644,CEWMA
1000,0.02,0.7,1.2,372.1146233496614,45.89255787302489,-0.876670910001025,CEWMA
1000,0.02,0.7,1.3,372.1146233496614,22.98711382185746,-0.93822571761643,CEWMA
1000,0.02,0.7,1.5,372.1146233496614,9.128559692617495,-0.975468419890503,CEWMA
1000,0.02,0.7,1.7,372.1146233496614,5.373236292306673,-0.985560265694644,CEWMA
1000,0.02,0.7,2,372.1146233496614,3.7357655821563442,-0.98996071278111,CEWMA
1000,0.02,0.7,1.1,371.4,105.2,-0.7167474421109317,CUSUM
1000,0.02,0.7,1.2,371.4,40.1,-0.8920301561658588,CUSUM
1000,0.02,0.7,1.3,371.4,19.6,-0.9472267097469036,CUSUM
1000,0.02,0.7,1.5,371.4,7.9,-0.9787291330102316,CUSUM
1000,0.02,0.7,1.7,371.4,4.9,-0.986806677436726,CUSUM
1000,0.02,0.7,2,371.4,3.6,-0.9903069466882067,CUSUM
1000,0.05,0.7,1.1,381.32797887831566,68.29502751290498,-0.820902133345168,CEWMA
1000,0.05,0.7,1.2,381.32797887831566,21.191768371799714,-0.944426400511875,CEWMA
1000,0.05,0.7,1.3,435.0375804034289,9.433992709783425,-0.978314533882257,CEWMA
1000,0.05,0.7,1.5,435.0375804034289,4.233200307812376,-0.990269345687591,CEWMA
1000,0.05,0.7,1.7,435.0375804034289,3.4279930749076435,-0.99212023689602,CEWMA
1000,0.05,0.7,2,435.0375804034289,3.3341508276873295,-0.992335947564356,CEWMA
1000,0.05,0.7,1.1,408.9,63.7,-0.8442161897774517,CUSUM
1000,0.05,0.7,1.2,408.9,18.2,-0.9554903399364147,CUSUM
1000,0.05,0.7,1.3,408.9,8.3,-0.9797016385424309,CUSUM
1000,0.05,0.7,1.5,408.9,4.1,-0.9899730985571044,CUSUM
1000,0.05,0.7,1.7,408.9,3.4,-0.9916850085595501,CUSUM
1000,0.05,0.7,2,408.9,3.3,-0.991929567131328,CUSUM
